lfarnfield0@facebook.com,Luigi,Farnfield,kd6OgI9,lfarnfield0,2965751870,0,0,https://robohash.org/eligendieaaut.png?size=500x500&set=set1,2
dcurme1@fema.gov,Delora,Curme,R3Uqfh,dcurme1,9383161549,0,0,https://robohash.org/culpasednecessitatibus.png?size=500x500&set=set1,8
lyerill2@dailymotion.com,Lucinda,Yerill,nQcCL2,lyerill2,8127441453,0,1,https://robohash.org/veroinciduntut.png?size=500x500&set=set1,6
pdobbinson3@va.gov,Perle,Dobbinson,mocBw01DGfM,pdobbinson3,3894646155,0,0,https://robohash.org/aliasdoloresporro.png?size=500x500&set=set1,9
gwooton4@purevolume.com,Gris,Wooton,QwXwC8,gwooton4,9807636366,0,1,https://robohash.org/isteomnisvoluptatem.png?size=500x500&set=set1,10
ocersey5@mapy.cz,Orlan,Cersey,ilWRWPjFZkyy,ocersey5,4184341672,0,1,https://robohash.org/doloretminus.png?size=500x500&set=set1,1
jborton6@pagesperso-orange.fr,Jeannine,Borton,pp72M0KC4sSF,jborton6,1724180310,0,0,https://robohash.org/nonveroalias.png?size=500x500&set=set1,3
jlevensky7@sogou.com,Jena,Levensky,f8XqTpkZ,jlevensky7,9829835420,0,1,https://robohash.org/suntassumendaiusto.png?size=500x500&set=set1,3
dpalle8@weather.com,Dominique,Palle,nNbKWW,dpalle8,8791104342,1,1,https://robohash.org/maximearepellendus.png?size=500x500&set=set1,8
mmacmakin9@samsung.com,Melisent,MacMakin,4jKj1hQHzB,mmacmakin9,2997777682,1,0,https://robohash.org/quidemmolestiaesint.png?size=500x500&set=set1,5
pfuluna@reddit.com,Pete,Fulun,wbqVzJC8zR,pfuluna,8198749242,0,1,https://robohash.org/nullaperferendisiusto.png?size=500x500&set=set1,8
smurrowb@utexas.edu,Sybille,Murrow,pN0BTpas4KeR,smurrowb,9023144763,1,0,https://robohash.org/suntconsequaturqui.png?size=500x500&set=set1,6
sblissc@npr.org,Shelbi,Bliss,u9pacJj1D0zz,sblissc,1133268478,0,0,https://robohash.org/aspernaturnequeea.png?size=500x500&set=set1,1
wbaldrickd@skyrock.com,Winfield,Baldrick,iS8UIiC,wbaldrickd,4406904220,0,0,https://robohash.org/delectusnonvoluptatem.png?size=500x500&set=set1,8
rgresone@harvard.edu,Rosemarie,Greson,aat7NRH,rgresone,8913605108,0,0,https://robohash.org/animiconsecteturvoluptatum.png?size=500x500&set=set1,10
